title,artist,total_play_time
悲しくて lulululu -ハーサカver.- - Kanashikute lulululu -Hayasaka Version-,Keiki Nishida,211m 5s
Arz Kiya Hai | Coke Studio Bharat,Anuv Jain,204m 8s
Ehsaas,Faheem Abdullah,202m 17s
"Deewaniyat (From ""Ek Deewane Ki Deewaniyat"") (Original Motion Picture Soundtrack)",Vishal Mishra,168m 51s
AWAARA,ALTAMASH FARIDI,140m 21s
Jatta,Harnoor,125m 17s
High On You,Jind Universe,121m 15s
KATRA KATRA,"ANKIT TIWARI, PRAKRITI KAKAR, & ABHENDRA KUMAR UPADHYAY",117m 1s
ツバサ - Tsubasa,Nanahoshi (CV:Shion Wakayama),108m 15s
Dil Tarse,Arslan Nizami,108m 3s
No One Like Us,"Umair, Abdullah Maharvi, & JANI",90m 0s
Maula Mere Maula,Roop Kumar Rathod,88m 2s
RAAT KHATAM,DRV,86m 45s
"O Rangrez (From ""Bhaag Milkha Bhaag"")",SHANKAR-EHSAAN-LOY,85m 48s
Sahiba,Aditya Rikhari,85m 35s
For A Reason,Karan Aujla,78m 3s
OBVIOUS (feat. Hasan Raheem),Umair,77m 58s
you feel me? ft. Abdullah Maharvi Prod. @RITHMETIC,Jokhay,76m 26s
Humdum,Vishal Mishra,75m 47s
Pal Pal (with Talwiinder),Afusic,66m 31s
Jiya Laage Na,Aditya Rikhari,64m 48s
Gata Only (Slowed And Reverb),Abbu Rhythm,61m 17s
Tere Ho Ke Rahenge,Arijit Singh,58m 14s
Deewane (feat. Bir),Navaan Sandhu,57m 48s
shutup call,Jevin Gill,57m 39s
"ギターと孤独と蒼い惑星 - Guitar, Loneliness and Blue Planet",kessoku band,56m 18s
Headache,Asal,55m 7s
No Love,Shubh,54m 40s
Gallan 4,Talwiinder,52m 5s
Sahiba,"Jasleen Royal, Stebin Ben, Vijay Deverakonda, Radhikka Madan, Priya Saraiya, and Aditya Sharma",51m 49s
Hasti Rahe Tu,Paradox,51m 7s
Jaadugar,Paradox,49m 38s
Deewane (feat. Bir),Navaan Sandhu,48m 1s
IJAZAT,Meet Bros.,47m 18s
Suroor,Aditya Rikhari,47m 12s
Oliver Twist,ArrDee,46m 34s
Yezdi,Nanku,43m 27s
WALK PAST,"JANI, Jokhay, & JJ47",41m 38s
BOOND BOOND,Ankit Tiwari,38m 26s
Tu Hi Das De,Simar Panag,37m 47s
"Shareh, @JANIMUSIC & @superdupersultan - COME AROUND",Shareh,37m 36s
You and Me,Shubh,37m 18s
Triple OG,DIVINE,37m 15s
Finding Her,Kushagra,36m 30s
Saiyaara (Movie: Saiyaara),Faheem Abdullah,34m 55s
Wavy,Karan Aujla & Jay Trak,34m 20s
アルビレオ - Albireo,Rokudenashi,33m 51s
Tu Aake Dekhle,King,32m 5s
OG,Shubh,30m 36s
Mileya Ni,Paradox,30m 14s
You,Asal,30m 6s
Darkside,Alan Walker,30m 2s
Woh,Khatth,29m 26s
Ae Yaad,Faheem Abdullah,26m 47s
Cry In My Arms,Southstar,26m 43s
Kho Gaye,Taaruk Raina & Mismatched - Cast,26m 21s
Chann Vekhya,Harnoor,25m 43s
Boyfriend,Karan Aujla,25m 40s
Paradoxes,Miyu Tomita,25m 17s
"Ishq (From ""Lost;Found"")",Faheem Abdullah,25m 15s
Faded,Alan Walker,24m 44s
Haseen,Talwiinder,24m 29s
指髪 - チョーキューメイ Covered by 理芽 / RIM,RIM,24m 25s
Welcome To Brixton,SR,24m 16s
不可思議のカルテ - Fukashigi no KARTE,"Mai Sakurajima(CV:Asami Seto), Tomoe Koga(CV:Nao Toyama), Rio Futaba(CV:Atsumi Tanezaki), Nodoka Toyohama(CV:Maaya Uchida), Kaede Azusagawa(CV:Yurika Kubo), and Shoko Makinohara(CV:Inori Minase)",23m 56s
Pardes Katenda,Adnan Dhool,23m 53s
"Soni Soni (From ""Ishq Vishk Rebound"")",Darshan Raval,23m 36s
Apogee,skyfall beats,23m 25s
Been a While,"KR$NA, Talha Anjum, & Umair",23m 12s
Rainy Nights,Jokhay,22m 48s
The Spectre,Alan Walker,22m 33s
Meantime - ansh,ansh,22m 30s
Plain Sight,ansh,22m 10s
Nasha,Vision & talwiinder,22m 6s
星座になれたら - If I could be a constellation,kessoku band,22m 5s
Sajna Ve,Ravator,22m 3s
Heer,Ali Raza,22m 2s
Heer (Sped Up),Ali Raza,21m 54s
IF YOU,"JANI, Jokhay, & JJ47",21m 53s
TUTOR,Gurj Sidhu,21m 53s
Royalty,Egzod,21m 45s
生きるよすが - Reason for existence,Tsukuyomi,21m 23s
Sahiba,Aditya Rikhari,21m 22s
"Aasa Kooda (From ""Think Indie"")",Sai Abhyankkar,21m 15s
Humdum,Aditya Rikhari,21m 11s
Supreme,Shubh,20m 59s
Let Me Love You (feat. Justin Bieber),DJ Snake,20m 50s
Reggae & Calypso (Russ Millions x Buni x YV),Russ Millions,20m 37s
Sunset Hills,Pius Arther,20m 36s
Haseen,Talwiinder,20m 17s
Barbaad (Movie: Saiyaara),Jubin Nautiyal,20m 7s
Galliyan,Ankit Tiwari,20m 2s
花に雨を、君に歌を,THE BINARY,20m 0s
California Love,Cheema Y,19m 46s
Loading,Central Cee,19m 39s
Waalian,Harnoor,19m 29s
Alone,Alan Walker,19m 28s
Antidote,Karan Aujla,19m 16s
Moonlight,Harnoor,19m 0s
Dhun (Movie: Saiyaara),Arijit Singh,18m 57s
翼をあげたい - I Want to Give You Wings,Chika Fujiwara(CV:Konomi Kohara),18m 50s
HANGOVER,Meet Bros.,18m 47s
Walking with You,Novelbright,18m 36s
Jhol,Maanu,18m 36s
Sincerely,TRUE,18m 24s
apogee (Slowed),skyfall beats,18m 18s
Out Of Time,JANI,18m 13s
Trust in You,sweet ARMS,18m 5s
Floating (feat. Joseay),MitroWave,18m 3s
SWEET SORROWS,"JANI, Abdullah Maharvi, JJ47, and Superdupersultan",18m 0s
Apogee,skyfall beats,17m 42s
感傷幽霊 - Kansyouyuurei,ナツノセ,17m 37s
Rooh,Tej Gill,17m 23s
Yeh Haseen Vadiyan (Rewind Version) (feat. Sowmya Krishnamachari),Abhay Jodhpurkar,17m 20s
Ik Lamha,Azaan Sami Khan,17m 15s
Kamlee,SARRB,17m 2s
星降る奇跡 - Starry miracle (feat. Lucia),Rayu,16m 58s
Pehle Bhi Main,Vishal Mishra,16m 43s
Heeriye (feat. Arijit Singh),Jasleen Royal,16m 35s
Nasamajh,Aditya Rikhari,16m 34s
SHIKWA,Jokhay,16m 4s
"Woh Lamhe Woh Baatein (From ""Zeher"")",Atif Aslam,16m 0s
運命 - Destiny,ClariS,15m 42s
Yaad Mein,Jokhay,15m 39s
逆夢 - Sakayume,King Gnu,15m 24s
Superstar (feat. Jaskaran & Rita Kim),dox,15m 23s
"Sajde (From ""Lost;Found"")",Faheem Abdullah,15m 21s
Mann Mera,Gajendra Verma,15m 16s
Titanium (feat. Sia),David Guetta,15m 11s
Parshawan,Harnoor,15m 5s
Jhol - Acoustic,Maanu,15m 2s
Bewafa Se Dil Laga Kar Ro Pare,Sher Ali,14m 50s
Meri Akhyon Main Aansoo Teri Yaad Ke,Mehr Ali,14m 49s
Apogee,Amhexxa,14m 45s
アメヲマツ、 - Ame Wo Matsu,minami,14m 45s
Kaafizyada,Nanku,14m 45s
Charmer,Diljit Dosanjh,14m 37s
Hero,Alan Walker,14m 36s
Azad Flow (Patla Sa Chora) (Lo-Fi),RP Singh,14m 36s
Phool,AUR,14m 35s
Tutor,Cheema Y,14m 28s
Call Aundi,Yo Yo Honey Singh,14m 27s
AL NACER! (Ultra Slowed),Sayfalse,14m 26s
TUM SE HI,Mohit Chauhan,14m 14s
ハニージェットコースター - Honey Jet Coaster,Nasuo,14m 12s
Tattoo,Loreen,14m 9s
Rihaayi,Paradox,14m 2s
Tere Liye,Atif Aslam,14m 0s
Dior,Shubh,13m 57s
Don't Let Me Down (feat. Daya),The Chainsmokers,13m 56s
This Is What You Came For,Calvin Harris,13m 54s
On & On,Cartoon,13m 48s
スピカ - Spica,Rokudenashi,13m 45s
月が満ちる - Sing The Moon,Tsukuyomi,13m 45s
怪物,YOASOBI,13m 41s
BM (London View),OTP,13m 38s
Rafta Rafta,K.K.,13m 36s
晴る - Sunny,Yorushika,13m 32s
"Agar Tum Saath Ho / Maahi Ve (From ""T-Series Mixtape"")",Jubin Nautiyal,13m 29s
Over,Miyu Tomita,13m 16s
"Adjust - superdupersultan, @JANIMUSIC ft. @SharehAkhter - Tired Souls and Heavy Hearts",superdupersultan,13m 1s
Body,Russ Millions,13m 0s
フリージア - Freesia,Uru,12m 58s
オセロ - Othello,Miko Iino(CV:Miyu Tomita),12m 52s
ハイドアンド·シーク,なゆごろう,12m 49s
感情を沢山込めて「弱虫モンブラン / DECO*27 Reloaded」Cover【こはならむ】,Kohana Lam,12m 43s
Aa Bhi Jaa Sanam,Atif Aslam,12m 41s
Hasi - ( Female Cover) | Slowed + Reverb | Lyrics | Hamari Adhuri Kahani | Chill Lofi | MR Lofi,MD Abidur Rahaman,12m 35s
Shots (Broiler Remix) (feat. Broiler),Imagine Dragons,12m 26s
Pal Pal,Afusic,12m 17s
勇者,YOASOBI,12m 16s
Teri Yaad,Faheem Abdullah,12m 13s
Aye Zindagi Gale Lagaa Le (Refresh Version),Abhay Jodhpurkar,12m 13s
Shhh (Pew Pew) [Slowed + Reverb],Young Fanatic,12m 11s
Ab Tere Dil Mein To,"Kumar Sanu, Alka Yagnik, & Chorus",12m 8s
Kabhi Nahi,JANI,12m 2s
すずめ - Suzume (feat. Toaka),RADWIMPS,11m 49s
"Kaise Hua (From ""Kabir Singh"")",Vishal Mishra,11m 44s
TELESCOPE (Slowed),TWXN,11m 41s
ひとりぼっち東京 - hitoribocchi tokyo,kessoku band,11m 41s
Ek Hi,Hansika Pareek,11m 37s
AVANGARD (Ultra Slowed + Reverb),LONOWN,11m 36s
Daru Badnaam (feat. Pratik Studio),Param Singh,11m 30s
花泡沫 - Ephemeral Bloom,Rokudenashi,11m 28s
HASEEN,Jokhay,11m 26s
幻愛遊戯 - Gen Ai Yugi,GARNiDELiA,11m 26s
インフェルノ - Inferno,Mrs. GREEN APPLE,11m 22s
Bikhra,Abdul Hannan,11m 13s
誰そ彼 - Tasokare,ナツノセ,11m 10s
真昼の月明かり - Moonlight at midday,Tsukuyomi,11m 9s
百花繚乱,幾田りら,11m 7s
Haseen,Talwiinder,11m 5s
紡ぐ - Tsumugu,Tota,11m 5s
Kaikai Kitan,Eve,11m 4s
Gustakhiyan 2,The Landers,10m 58s
Pagol (feat. Bohemia),Deep Jandu,10m 57s
"Kamado Tanjirou no Uta (From ""Demon Slayer: Kimetsu no Yaiba"") [Full Version]",Akano,10m 56s
晩餐歌 - Bansanka,tuki.,10m 53s
Pretender,Official HIGE DANdism,10m 52s
Khoya,Talwiinder & NDS,10m 52s
Khwaab,Faheem Abdullah,10m 51s
No Respawn (feat. Link Up TV),Buni,10m 47s
Tu Hi Hai,Rahul Mishra,10m 45s
Wavy,Karan Aujla,10m 42s
Next to you (Parasyte Ost),Amy B,10m 42s
AAP KI NAZRON NE SAMJHA - SANAM,Sanam,10m 39s
Love Exit,Jind Universe,10m 37s
Wo Noor,AP Dhillon,10m 32s
COME THROUGH (feat. Abdullah Maharvi & Talha Anjum),Umair,10m 30s
Ric Flair Drip (Slowed + reverb),Chill MusicXD,10m 29s
Kehdo Na,JANI,10m 25s
Khayaal,Talwiinder,10m 22s
Qayde Se - Film Version,Papon,10m 16s
Khaab,Akhil,10m 5s
Stereo Love (Paki & Jaro Remix Radio Edit),"Edward Maya feat. Jigulina, Vika",10m 4s
Headlights (feat. KIDDO),Alok,10m 2s
花になって - Be a flower,Ryokuoushoku Shakai,9m 57s
Montagem Nada Tropica (Over Slowed + Reverb),Eternxlkz,9m 56s
かくれんぼ - hide-and-seek,AliA,9m 54s
dawn of infinity,fripSide,9m 49s
TE CONOCÍ (Super Slowed),bxkq,9m 48s
Pani Da Rang (Male),Ayushmann Khurrana,9m 48s
Wat U Want 2 (Slowed + Reverb),mikeeysmind,9m 47s
Sun Ke Woh Bhi Roay,Sher Ali,9m 47s
-ERROR - niki (Cover) / VESPERBELL ヨミ × HACHI,VESPERBELL,9m 43s
Ye Jo Halka Halka Sooror,Nusrat Fateh Ali Khan,9m 43s
Be Crazy For Me,EIKO starring kuroneko,9m 39s
Sing My Pleasure,Vivy (Vo.Kairi Yagi),9m 38s
Manjha,Vishal Mishra,9m 34s
青春コンプレックス - seisyun complex,kessoku band,9m 34s
泥中に咲く - Deichu Ni Saku,Wolpis Carter,9m 33s
触れていたいだけ - Just want to touch you (feat. Tsuki),MIMI,9m 32s
アルカテイル - Alka Tale,鈴木このみ,9m 32s
Sham Di Laali,Wazir Patar,9m 31s
"Mera Hua (From ""Ek Deewane Ki Deewaniyat"") (Original Motion Picture Soundtrack)",Annkur R Pathakk,9m 30s
Tum Hi Aana,JANI,9m 28s
虹が架かるまでの話 - Niji ga Kakarumade no Hanashi,Yui Horie,9m 17s
Maruti,Dhanda Nyoliwala,9m 16s
Status,Khasa Aala Chahar,9m 15s
イオ - Io,Rokudenashi,9m 11s
TruE,HOYO-MiX,9m 11s
Agar Tum Na Hote (The Unwind Mix),Prajakta Shukre,9m 10s
Dekh Kar Tujhko Mein Gham,Faiz Ali Faiz,9m 3s
Tum Ho Toh (Movie: Saiyaara),Vishal Mishra,9m 3s
そんなもんね - That's The Way It Goes,asmi,9m 3s
Suna Suna,Shreya Ghoshal,9m 2s
ANIMA,ReoNa,9m 1s
DON`T STOP - Slowed,GLXXMSTRIDER,9m 1s
Tujhe Bhula Diya Lofi Mix (Remix By Kedrock & Sd Style),Mohit Chauhan,9m 0s
Tere Bina Na Guzara E,Josh Brar,8m 57s
Consume (feat. GOON DES GARCONS*),Chase Atlantic,8m 56s
ラピダリー - Lapidary,*Luna feat. Nenne,8m 51s
アカシア - Acacia,BUMP OF CHICKEN,8m 44s
ドラマチックじゃなくても - Not As Dramatic As...,Kana Hanazawa,8m 44s
秒針を噛む / 緑仙 Cover,Ryushen,8m 43s
"悲しくてlulululu full version (ハーサカver + 原曲ver) - Ai Hayasaka insert song ""My Feelings"" | Kaguya-sama S3",Al Raposas,8m 42s
月灯り - Tsukiakari,Sora Amamiya,8m 42s
Amor Na Praia (Slowed to Perfection) (Reverb),Flame Runner,8m 41s
Kahani Suno 2.0,Kaifi Khalil,8m 40s
TERI YAADON MEIN,"KK, JALEES SHERWANI, Shreya Ghoshal, and Sajid–Wajid",8m 40s
夜に駆ける,YOASOBI,8m 37s
Ishq Hai,Anurag Saikia,8m 34s
3:59 (feat. Am I Dreaming),Amhexxa,8m 34s
Treat You Better,Shawn Mendes,8m 32s
"Better Off (Alone, Pt. III)",Alan Walker,8m 32s
生命線 - Seimeisen,ReoNa,8m 31s
光るなら - Hikarunara,Goose house,8m 28s
I AM A STAR,MC INSANE,8m 25s
カワキヲアメク - Kawakiwoameku,minami,8m 23s
Jo Tum Mere Ho,Anuv Jain,8m 23s
浮雲 - No place to stay (feat. isui),nao,8m 23s
Abhi Na Jao (Reprise),Twin Strings & Akanksha Bhandari,8m 19s
I'm a mess,MY FIRST STORY,8m 18s
"Tum Hi Aana (From ""Marjaavaan"")",Payal Dev,8m 18s
I,BUMP OF CHICKEN,8m 13s
君はスターゲイザー - kimihastargazer,Risa Ogata,8m 12s
Qatal,Guru Randhawa,8m 11s
AFTERLIFE,CYREX,8m 9s
Reflections,The Neighbourhood,8m 8s
Suniyan Suniyan,Juss,8m 7s
アンビバレント - Ambivalent,Uru,8m 4s
ラブ・ドラマティック - Love Dramatic,Miyuki Shirogane(CV:Makoto Furukawa) & Kaguya Shinomiya(CV:Aoi Koga),8m 2s
「僕は...」 - I am...,Atarayo,7m 59s
紅蓮華 - Gurenge,LiSA,7m 55s
ピースサイン - Peace Sign,Kenshi Yonezu,7m 54s
夜のせい - Yoru no Sei,Sei_Touri,7m 52s
"ギターと孤独と蒼い惑星 -We will B- Live ver. - Guitar, Loneliness and Blue Planet -We will B- Live version",kessoku band,7m 52s
こんな命がなければ - If there is not such a life,Tsukuyomi,7m 52s
Safar,Juss,7m 49s
Magnus,iCO,7m 48s
Yarr Tera Sire Da Shikari Alde | Slowed+Reverb | Slim Swagga ft. Mistake G | Latest Punjabi Song,Lo-fi Touch,7m 47s
ベテルギウス - BETELGEUSE,Yuuri,7m 41s
We Don't Talk Anymore (feat. Selena Gomez),Charlie Puth,7m 40s
欠けたサファイア - Chipped sapphire,nah,7m 39s
Afsos,Anuv Jain,7m 37s
Paaro,Aditya Rikhari,7m 32s
夜に藍 - Blue,Tsukuyomi,7m 27s
絶対零度 - Absolute zero,Tsukuyomi,7m 23s
あやふや - Ambiguous,Rokudenashi,7m 21s
刹那の誓い - Setsunano Chikai (feat. Tsukasa Yuzaki),Neko Hacker,7m 20s
acies,skyfall beats,7m 20s
ESCORT,Chase Atlantic,7m 17s
ブルーバード - Blue Bird,Ikimonogakari,7m 16s
ヨダカ - Nightjar,Tsukuyomi,7m 16s
Just Cry No Cues,JANI,7m 16s
アオとキラメキ - Ao to Kirameki,spira spica,7m 14s
Bande 4,Watan Sahi,7m 11s
Kabhi Kabhi,AUR,7m 10s
LIMBO (Lyric Video),keshi,7m 9s
くらべられっ子 - Compared Child,TUYU,7m 8s
本当だよ - Hontoudayo (feat. 花本朔),ナツノセ,7m 7s
アイドル,YOASOBI,7m 6s
チカっとチカ千花っ,小原好美,7m 6s
イフ - IF,Tsukuyomi,7m 6s
Drive You Insane,Daniel Di Angelo,7m 5s
Medley of Vaseegara and Zara Zara,Sowmya Krishnamachari,7m 4s
ブルーモーション - Blue Motion,Meiyo Densetsu,7m 3s
WE - Jind Universe | Official Music Video,Jind Universe,7m 1s
YOU,Chase Atlantic,6m 57s
aquarium (feat. Lil Cobaine & Idle Kid),GOON DES GARCONS*,6m 56s
Under Pressure,Chase Atlantic,6m 55s
impulse,AliA,6m 54s
Starry,Kyo Hanabasami,6m 54s
Hibana (Cover),Ado,6m 50s
Let Me Love You (feat. Justin Bieber),DJ Snake,6m 50s
チキチキバンバン - chikichikibanban,QUEENDOM,6m 44s
Chaleya,Arijit Singh,6m 40s
Tere Layi,Nirvair Pannu,6m 40s
青のすみか - Where Our Blue Is,Tatsuya Kitani,6m 33s
春を告げる - Haru wo Tsugeru,yama,6m 32s
祝福,YOASOBI,6m 32s
Fade Into Starlight,DAZBEE,6m 31s
FightSong,Eve,6m 31s
"醜悪 - In my view, this world is",Tsukuyomi,6m 29s
Excuses,AP Dhillon,6m 28s
The Machine (Slowed),Aurora Olivas  ,6m 24s
ライラ - Lyla,esolagoto,6m 21s
Bichadna,Faheem Abdullah,6m 19s
夢と知りせば - If I Knew It Was A Dream,Tsukuyomi,6m 18s
ラブソングが歌えない - I can't sing a love song,kessoku band,6m 18s
Anjaan (feat. Nabeel Akbar & Talhah Yunus),JANI,6m 17s
Contigo Siempre (Ultra Slowed),Flame Runner,6m 16s
nadaaniyan,Akshath,6m 12s
CANTO DE LUNA (SUPER SLOWED),h6itam,6m 11s
Sing My Pleasure（Grace Ver.） - Sing My Pleasure (Grace Version),Grace (Vo.Hikari Kodama),6m 9s
Bars,Shubh,6m 9s
"Tu Kahan (feat. Abdullah Maharvi, Hasan Raheem & JANI)",Umair,6m 7s
Attraction,Sukha,6m 6s
Savan,Vilen,6m 6s
UNDEAD,YOASOBI,6m 5s
Leave Me Alone,Taimour Baig,6m 5s
夜行 - Night Runaway,HIBANA,6m 5s
逆転劇 - Gyakutengeki,Tsukuyomi,6m 4s
YAD,Vanna Rainelle,6m 1s
and I'm home -Original Master Version.- - And I'm Home -Original Master Version,Sayaka Miki (CV:Eri Kitamura),6m 1s
アスノヨゾラ哨戒班 / Hebi. cover,Hebi.,5m 59s
"DEAR, BELOVED",Umair,5m 57s
Aaj Bhi 2,Vishal Mishra,5m 53s
Toh Phir Aao,Pritam,5m 48s
残響散歌 - Zankyosanka,Aimer,5m 47s
options,Asal,5m 43s
Fine,Jokhay,5m 43s
Afsanay,Talha Anjum,5m 43s
Akhiyaan Gulaab,Mitraz,5m 42s
Hussan Illahi,Wazir Patar,5m 35s
ALIVE (LycoReco Version),ClariS,5m 32s
Cold out here,Savage,5m 32s
LET THE WORLD BURN,Chris Grey,5m 31s
"Tu Hain Toh (From ""Mr. And Mrs. Mahi"")",Hunny Bunny,5m 29s
Meri Zindagi Hai Tu,Asim Azhar,5m 27s
Midnight Call,Harkirat Sangha,5m 27s
Sunflower (Spider-Man: Into the Spider-Verse) (Official Video),Post Malone,5m 23s
Keep It Up,Chase Atlantic,5m 23s
ただ声一つ - One Voice,Rokudenashi,5m 23s
VELVETAL (Ultra Slowed),Phonkha,5m 17s
Faasle,Kaavish,5m 11s
Churake,Vilen,5m 9s
Akhiyan,Harkirat Sangha,5m 9s
Never Mine,Harnoor,5m 2s
DIVINE - Rain | Prod. by Stunnah Beatz | Official Music Video,DIVINE,5m 2s
共犯者 - Partner in Crime,Meiyo Densetsu,5m 1s
Got You (feat. Jasmeen Akhtar),G Khan,5m 1s
NEXT - ncts ! SLOWED & REVERB | Remake Accurate,Ex Ball,5m 0s
Naam Chale,Vikram Sarkar,4m 59s
Maine Puchha Chand Se (The Unwind Mix),Rahul Vaidya,4m 56s
MONTAGEM NA PRAIA FUNK,Ravenzyss,4m 48s
Ham Tere Pyar Mein,"Lata Mangeshkar, Manna Dey, Sanam, Aishwarya Majmudar",4m 47s
A Tender Moon Tempo,Vivy (Vo.Kairi Yagi),4m 46s
Dooriyan,Mehak Kaur,4m 40s
HIGH EARNINGS,Tarsem Jassar,4m 39s
一期一会 - Ichigo Ichie,ClariS,4m 38s
Teri Jhuki Nazar (Film Version),Shafqat Amanat Ali,4m 38s
Regret (feat. Gurinder Gill),Navaan Sandhu,4m 31s
コネクト - Connect,ClariS,4m 30s
誰彼スクランブル - DareKareScramble,halca,4m 28s
blan_,Arika,4m 26s
Burst The Gravity,ALTIMA,4m 26s
Fell For You,Shubh,4m 19s
Baarishein,Anuv Jain,4m 19s
In Dino (Refresh Version),Mohammed Irfan,4m 16s
Vibrate,"KR$NA, Badshah, & Phenom",4m 13s
Sajna da Dil Torya,Zeeshan Ali,4m 13s
アオハル - Aoharu,Koku Radio,4m 12s
Rising Hope,LiSA,4m 12s
光るなら - Hikarunara,Goose house,4m 12s
Zulfaan,SARRB,4m 12s
My Prime,Navaan Sandhu,4m 10s
HIGHSCHOOL OF THE DEAD,KISIDA KYODAN & THE AKEBOSI ROCKETS,4m 9s
Twilight Line,HACHI,4m 8s
"Sitaare (From ""Ikkis"")",Arijit Singh,4m 3s
不可思議のカルテ 双葉理央 Ver. - Fukashigi no KARTE Rio Futaba version,Rio Futaba(CV:Atsumi Tanezaki),4m 0s
Ve Haaniyaan,"Danny, Avvy Sra, & Sagar",4m 0s
Ek Dafa tum Milo too Sanam Gam Khushi Maine Badal jaega love status shyari broken heart ghazal song,Tufelkhanblive,3m 59s
Choo Lo,The Local Train,3m 57s
ETHEREAL (8D),TOLCHONOV,3m 57s
Ai Uta,Takahashi Rie,3m 56s
9:45,Prabh Singh,3m 55s
Adhoora,Aanchal Tyagi,3m 54s
No Man's Dawn,前島麻由,3m 53s
"Kasturi (From ""Amar Prem Ki Prem Kahani"")",Arijit Singh,3m 52s
Akhiyaan,Mitraz,3m 51s
気分上々↑↑ - kibunnjoujou↑↑,EIKO starring kuroneko shokatsukoumei CV Ryotaro Okiayu KABEtaijin CV Shoya Chiba kuon nanami starring Lezel,3m 50s
BANKAI,DXNT L13,3m 50s
Kamikaze,Nanku,3m 50s
O Sahib (feat. Zain Zohaib),Adnan Dhool,3m 50s
新時代 (ウタ from ONE PIECE FILM RED) - New Genesis (UTA from ONE PIECE FILM RED),Ado,3m 48s
カザキリ,yanaginagi,3m 47s
Gal Sun,Sabat Batin,3m 45s
Aavan Jaavan (Movie: WAR 2),Pritam,3m 45s
Hola Amigo,KR$NA,3m 42s
アスノヨゾラ哨戒班 / Orangestar (acoustic cover),Ririsya,3m 42s
Hona Tha Pyar,Atif Aslam,3m 41s
Aankhon Se Batana,Dikshant,3m 41s
Jee Nhi Lagda,IAMPRANN,3m 38s
Aahatein,Agnee,3m 37s
恋ノ行方 - koi no yukue,AkaseAkari,3m 37s
セカイの色彩 - SEKAI NO IRO,AZKi,3m 35s
Nafrat,Darshan Raval,3m 34s
Dernière danse,Indila,3m 33s
Kinni Kinni,thiarajxtt & DILJIT DOSANJH,3m 33s
Jaana Samjho Na,Aditya Rikhari,3m 32s
Jaan Mangle,SARRB,3m 31s
Stranger,SARRB,3m 30s
旅行計画 - Ryokoukeikaku,Anna,3m 30s
AIRTEL PHONK: The Sound of a Nation,𝙋𝙝𝙤𝙣𝙞𝙘 𝙈𝙪𝙨𝙞𝙘,3m 28s
Chale Jaana Phir (Humko Tere Bina),Denny,3m 28s
6:30,Russ Millions,3m 27s
Musafira,Aden,3m 26s
Dance In The Game,ZAQ,3m 25s
ただ君に晴れ  / 角巻わため(Cover),Tsunomaki Watame,3m 21s
Koi Si,Afsana Khan,3m 20s
Shikari (feat. Mista G),Slim Swagga,3m 19s
Beqarar Dil,Ab Beats & Music,3m 17s
Dil Dardeh,"Sukha, The PropheC, Navaan Sandhu, and JayB Singh",3m 15s
Heeriye,Jasleen Royal,3m 14s
Hasi (Female Version),"Ami Mishra, Shreya Ghoshal, & Kunaal Vermaa",3m 12s
Brown Rang,Yo Yo Honey Singh,3m 12s
Tareefan,Jordan Sandhu,3m 11s
Jaane Na Tu,Bhoomi,3m 10s
"Tainu Khabar Nahi (From ""Munjya"")",Sachin-Jigar,3m 8s
Kitni Haseen Hogi,Arijit Singh,3m 6s
Heer (Female Version),Tuneit,3m 6s
Pretend (sawalo se toh aage) - ansh,ansh,3m 5s
Heer,Ali Raza,3m 4s
Mirrors,Jordan Sandhu,3m 3s
Plain Sight (sun zara) - ansh,ansh,3m 3s
Judai,Ali Raza,3m 0s
Tujh Mein Rab Dikhta Hai,Roop Kumar Rathod,3m 0s
"Naina (From ""Crew"")",Diljit Dosanjh,3m 0s
Banda Bamb,Jordan Sandhu,2m 54s
惑う星 -We will B- Live ver. - wandering star -We will B- Live version,kessoku band,2m 54s
MAGIC,Ado,2m 52s
ECOS DO ABISMO (Ultra Slowed),Flame Runner,2m 52s
Relation,SARRB,2m 48s
Majbooriyan,Hyder Dar,2m 48s
Tell Me,SARRB,2m 46s
愛するように (Cover) - Aisuru Youni (Cover),Kotoha,2m 46s
Blue Mountain,Cheema Y,2m 44s
Diver,NICO Touches the Walls,2m 44s
Mora Piya,Arslan Nizami,2m 43s
Malang Sajna,Sachet Tandon,2m 41s
Together,Shubh,2m 40s
Parwaan,Faheem Abdullah,2m 39s
Chalo Door Kahin,Samar Jafri,2m 38s
＆Ｚ - &Z (feat. mizuki),SawanoHiroyuki[nZk],2m 38s
Together,Nirvair Pannu,2m 38s
Tu Jo Mileya,Juss,2m 37s
Main Hi Kyon,Wazir Patar,2m 34s
Feel The Talwinder,ARRY,2m 24s
"Bheegi Bheegi (From ""Gangster"")",Pritam & James,2m 22s
High On You,Jind Universe,2m 20s
AZUL,Guru Randhawa,2m 18s
Cheques,Shubh,2m 17s
Green Flag,Vikram Sarkar,2m 16s
Barota,Sidhu Moose Wala,2m 16s
Underworld (Slowed + Reverb),Unaverage Gang,2m 15s
FloyyMenor - PELIGROSA (Slowed),ᴀxᴢ ᝰ,2m 14s
SITUATIONSHIP,Jassa Dhillon,2m 13s
Uljhan,Nabeel Akbar,2m 13s
Tu,Talwiinder,2m 12s
Jaat Intro,Ajay Bhagta,2m 12s
REGRETS,Umair,2m 11s
One Love,Shubh,2m 11s
Nasha (Live),Talwiinder & NDS,2m 7s
Uske Liye Yeh Gaana Banaao (Movie: Saiyaara),Faheem Abdullah,2m 6s
Big Shark,Russ Millions,2m 6s
I KNOW LOVE - Jind Universe | Latest Punjabi Love Song 2025,Jind Universe,2m 3s
Broken,SARRB,2m 3s
Same Beef,Bohemia,2m 2s
揽佬 SKAI ISYOURGOD—八方来财·因果（Unofficial Extended Music Video）,DpBill9x Chong,1m 59s
ユリイカ - Eureka,Rokudenashi,1m 58s
Iktara,Amit Trivedi,1m 48s
Apa Fer Milaange,Savi Kahlon,1m 48s
Move Your Body (Alan Walker Remix),Sia,1m 46s
Bol Kaffara Kya Hoga,DJ Chetas,1m 43s
Deserving,Harnoor,1m 43s
Splendor,Harsh Likhari,1m 43s
Wushang (feat. Dank Rishu),arpit bala,1m 42s
chase atlantic - swim [ sped up ] lyrics,speedcore,1m 41s
TERI YAADON MEIN,"K.K., SHREYA GHOSHAL, SAJID-WAJID, and JALEES SHERWANI",1m 40s
Dariya,Himonshu Parikh,1m 38s
Elhaam,Faheem Abdullah,1m 38s
"Gazab (From ""Dil Juunglee"")",Jubin Nautiyal,1m 36s
"Agar Tum Mil Jao (From ""Zeher"")",Shreya Ghoshal,1m 31s
Jaana Ve,Arijit Singh,1m 29s
Admirin' You (feat. Preston Pablo),Karan Aujla,1m 25s
Born to Shine,Diljit Dosanjh,1m 24s
Defender,"Harf Cheema, Sudesh Kumari, & Deep Jandu",1m 24s
Ehsaas (Acoustic),Faheem Abdullah,1m 23s
Don't Stop,DJ HEARTSTRING,1m 22s
Charche,Dhanda Nyoliwala,1m 21s
Koka,Mankirt Aulakh,1m 21s
Dooron Dooron - Unplugged,Paresh Pahuja,1m 20s
Bakhuda Tumhi Ho,Pritam,1m 19s
Vail (feat. Shree Brar & Nimrat Khaira),"Mankirt Aulakh, Nimrat Khaira",1m 18s
Northside,shaitan,1m 17s
Not Guilty,Dhanda Nyoliwala,1m 17s
Doubt,twenty one pilots,1m 16s
"90-90 Nabbe Nabbe (From ""Jatt Nuu Chudail Takri"")",Gippy Grewal,1m 14s
Kho Gaye Hum Kahan,Jasleen Royal,1m 14s
FloyyMenor - Peligrosa [ ULTRA SLOWED & REVERB ],Abbu Rhythm,1m 12s
Loko (feat. Mista G916),Slim Swagga,1m 10s
OVER AND OVER,Armaan Gill,1m 8s
Zehar,Talhah Yunus,1m 8s
Rubicon Drill,Laddi Chahal,1m 8s
Mortals Funk Remix (Slowed) (feat. Slowed Sounds & Laura Brehm),Warriyo,1m 6s
Bachke,Kulwinder Sohi,1m 6s
Sajni,Arijit Singh,1m 5s
Nazna,Jokhay,1m 4s
Time,Jind Universe,1m 4s
BMW FUNK,YXMKA,1m 2s
Never Fold,Sidhu Moose Wala,1m 1s
"Preet Re (From ""Dhadak 2"")",Darshan Raval,1m 0s
Up To U,Dhanda Nyoliwala,1m 0s
Sang Hoon Tere,Pritam,1m 0s
Sensitive,KR$NA,0m 59s
"Tu Hain Toh - Neeti Mohan Version (From ""Mr. And Mrs. Mahi"")",Neeti Mohan,0m 55s
Bullet,Khasa Aala Chahar,0m 54s
Without You,Avicii,0m 53s
O Mere Khuda,Atif Aslam,0m 52s
Tumse Milke (feat. Ajay Singha),Heeral Chhatralia,0m 52s
cassie - me & u (wtchcrft remix / slowed down),leksa,0m 49s
雪解け - Yukidoke (feat. isui),tayori,0m 48s
O Mere Shahe-Khuban,Abhay Jodhpurkar,0m 47s
Jaaneman,Faheem Abdullah,0m 47s
Unforgettable,Talwiinder,0m 45s
Seet Lehar,Filmy,0m 45s
Ishq Bawla | Coke Studio Bharat,Dhanda Nyoliwala,0m 45s
Fanna Fillah,Faheem Abdullah,0m 45s
Backseat,Southstar,0m 43s
Dancing In the Dark,Bruce Springsteen,0m 43s
Matrix,Southstar,0m 42s
In the End,BROHM,0m 41s
Tu Hain Toh,Neeti Mohan,0m 40s
Gata Only (Slowed + Reverb),Luke Muzzic,0m 38s
Amor Na Praia (Slowed),Flame Runner,0m 38s
Rooh,Adnan Dhool,0m 38s
Kill Goriye,Gurj Sidhu,0m 38s
3 Shaukk,"Avvy Sra, Karan Aujla, & Jyotica Tangri",0m 38s
Farzi,Gurj Sidhu,0m 38s
SLAVA FUNK! (Slowed),MVSTERIOUS,0m 38s
Love Panjab,Jordan Sandhu,0m 37s
光るなら／Goose house,Goose house,0m 35s
Kuz Saal,Arjan Dhillon,0m 35s
Gul,Anuv Jain,0m 34s
BAAWE,"Raftaar, Badshah, & HITEN",0m 33s
Tera Saath,talwiinder & Vylom,0m 33s
Mogambo,Cheema Y,0m 31s
Jaana Nahi,Faheem Abdullah,0m 31s
Sitaara,Akshath,0m 31s
Same Like Me,Arjan Dhillon,0m 31s
Payal,Yo Yo Honey Singh,0m 30s
NO MIDMAN,Navaan Sandhu,0m 30s
CRAZY/LOCO,JANI,0m 30s
Ainsi bas la vida,Indila,0m 30s
